{
  "RNN": {
    "RMSE": 3.404545545578003,
    "MAE": 2.4754159450531006,
    "MAPE_%": 1.8061269521713257,
    "DirAcc_%": 48.14,
    "Train_s": 0.75
  },
  "LSTM": {
    "RMSE": 3.6480870246887207,
    "MAE": 2.6577837467193604,
    "MAPE_%": 1.980126976966858,
    "DirAcc_%": 49.17,
    "Train_s": 2.79
  },
  "GRU": {
    "RMSE": 3.3941898345947266,
    "MAE": 2.4599640369415283,
    "MAPE_%": 1.7939906120300293,
    "DirAcc_%": 48.97,
    "Train_s": 2.09
  },
  "NAIVE": {
    "RMSE": 3.3611233234405518,
    "MAE": 2.436774730682373,
    "MAPE_%": 1.7734243869781494,
    "DirAcc_%": null,
    "Train_s": 0.0
  }
}